category,filename,image_path,has_human,human_visible,has_face,has_hand,pair_FH,trio_FHP,any_anthropomorphic
Action,001.jpg,data/CAT2000/trainSet/Stimuli/Action/001.jpg,1,1.0,1.0,0.0,0,0,1
Action,003.jpg,data/CAT2000/trainSet/Stimuli/Action/003.jpg,1,1.0,1.0,1.0,1,1,1
Action,005.jpg,data/CAT2000/trainSet/Stimuli/Action/005.jpg,1,1.0,1.0,1.0,1,1,1
Action,007.jpg,data/CAT2000/trainSet/Stimuli/Action/007.jpg,1,1.0,1.0,1.0,1,1,1
Action,009.jpg,data/CAT2000/trainSet/Stimuli/Action/009.jpg,1,1.0,1.0,1.0,1,1,1
Action,011.jpg,data/CAT2000/trainSet/Stimuli/Action/011.jpg,1,1.0,1.0,1.0,1,1,1
Action,013.jpg,data/CAT2000/trainSet/Stimuli/Action/013.jpg,1,1.0,0.0,0.0,0,0,1
Action,015.jpg,data/CAT2000/trainSet/Stimuli/Action/015.jpg,1,1.0,1.0,1.0,1,1,1
Action,017.jpg,data/CAT2000/trainSet/Stimuli/Action/017.jpg,1,1.0,0.0,0.0,0,0,1
Action,019.jpg,data/CAT2000/trainSet/Stimuli/Action/019.jpg,1,0.0,,,0,0,1
Action,023.jpg,data/CAT2000/trainSet/Stimuli/Action/023.jpg,1,1.0,0.0,0.0,0,0,1
Action,047.jpg,data/CAT2000/trainSet/Stimuli/Action/047.jpg,1,1.0,1.0,1.0,1,1,1
Action,025.jpg,data/CAT2000/trainSet/Stimuli/Action/025.jpg,1,0.0,,,0,0,1
Action,029.jpg,data/CAT2000/trainSet/Stimuli/Action/029.jpg,1,1.0,1.0,1.0,1,1,1
Action,031.jpg,data/CAT2000/trainSet/Stimuli/Action/031.jpg,1,1.0,0.0,0.0,0,0,1
Action,033.jpg,data/CAT2000/trainSet/Stimuli/Action/033.jpg,1,1.0,0.0,0.0,0,0,1
Action,035.jpg,data/CAT2000/trainSet/Stimuli/Action/035.jpg,1,1.0,0.0,0.0,0,0,1
Action,037.jpg,data/CAT2000/trainSet/Stimuli/Action/037.jpg,1,1.0,0.0,0.0,0,0,1
Action,039.jpg,data/CAT2000/trainSet/Stimuli/Action/039.jpg,1,1.0,0.0,0.0,0,0,1
Action,041.jpg,data/CAT2000/trainSet/Stimuli/Action/041.jpg,1,1.0,0.0,1.0,0,0,1
Action,043.jpg,data/CAT2000/trainSet/Stimuli/Action/043.jpg,1,1.0,0.0,1.0,0,0,1
Action,045.jpg,data/CAT2000/trainSet/Stimuli/Action/045.jpg,1,1.0,1.0,1.0,1,1,1
Action,099.jpg,data/CAT2000/trainSet/Stimuli/Action/099.jpg,1,1.0,1.0,0.0,0,0,1
Action,049.jpg,data/CAT2000/trainSet/Stimuli/Action/049.jpg,1,1.0,1.0,0.0,0,0,1
Action,027.jpg,data/CAT2000/trainSet/Stimuli/Action/027.jpg,1,1.0,0.0,1.0,0,0,1
Action,095.jpg,data/CAT2000/trainSet/Stimuli/Action/095.jpg,1,1.0,0.0,0.0,0,0,1
Action,071.jpg,data/CAT2000/trainSet/Stimuli/Action/071.jpg,1,1.0,1.0,0.0,0,0,1
Action,055.jpg,data/CAT2000/trainSet/Stimuli/Action/055.jpg,1,1.0,0.0,1.0,0,0,1
Action,057.jpg,data/CAT2000/trainSet/Stimuli/Action/057.jpg,1,1.0,0.0,1.0,0,0,1
Action,059.jpg,data/CAT2000/trainSet/Stimuli/Action/059.jpg,1,1.0,0.0,0.0,0,0,1
Action,061.jpg,data/CAT2000/trainSet/Stimuli/Action/061.jpg,1,0.0,,,0,0,1
Action,063.jpg,data/CAT2000/trainSet/Stimuli/Action/063.jpg,1,1.0,0.0,1.0,0,0,1
Action,065.jpg,data/CAT2000/trainSet/Stimuli/Action/065.jpg,1,1.0,1.0,0.0,0,0,1
Action,067.jpg,data/CAT2000/trainSet/Stimuli/Action/067.jpg,1,0.0,,,0,0,1
Action,069.jpg,data/CAT2000/trainSet/Stimuli/Action/069.jpg,1,1.0,0.0,1.0,0,0,1
Action,053.jpg,data/CAT2000/trainSet/Stimuli/Action/053.jpg,1,1.0,1.0,1.0,1,1,1
Action,097.jpg,data/CAT2000/trainSet/Stimuli/Action/097.jpg,1,1.0,1.0,1.0,1,1,1
Action,081.jpg,data/CAT2000/trainSet/Stimuli/Action/081.jpg,1,0.0,,,0,0,1
Action,075.jpg,data/CAT2000/trainSet/Stimuli/Action/075.jpg,1,0.0,,,0,0,1
Action,077.jpg,data/CAT2000/trainSet/Stimuli/Action/077.jpg,1,0.0,,,0,0,1
Action,079.jpg,data/CAT2000/trainSet/Stimuli/Action/079.jpg,1,0.0,,,0,0,1
Action,083.jpg,data/CAT2000/trainSet/Stimuli/Action/083.jpg,0,,,,0,0,0
Action,085.jpg,data/CAT2000/trainSet/Stimuli/Action/085.jpg,1,1.0,0.0,0.0,0,0,1
Action,087.jpg,data/CAT2000/trainSet/Stimuli/Action/087.jpg,1,1.0,1.0,0.0,0,0,1
Action,089.jpg,data/CAT2000/trainSet/Stimuli/Action/089.jpg,1,0.0,,,0,0,1
Action,091.jpg,data/CAT2000/trainSet/Stimuli/Action/091.jpg,1,1.0,1.0,1.0,1,1,1
Action,093.jpg,data/CAT2000/trainSet/Stimuli/Action/093.jpg,1,0.0,,,0,0,1
Action,051.jpg,data/CAT2000/trainSet/Stimuli/Action/051.jpg,1,1.0,0.0,1.0,0,0,1
Action,073.jpg,data/CAT2000/trainSet/Stimuli/Action/073.jpg,1,0.0,,,0,0,1
Action,149.jpg,data/CAT2000/trainSet/Stimuli/Action/149.jpg,1,1.0,1.0,0.0,0,0,1
Action,021.jpg,data/CAT2000/trainSet/Stimuli/Action/021.jpg,1,1.0,0.0,0.0,0,0,1
Action,177.jpg,data/CAT2000/trainSet/Stimuli/Action/177.jpg,1,1.0,0.0,0.0,0,0,1
Action,147.jpg,data/CAT2000/trainSet/Stimuli/Action/147.jpg,1,0.0,,,0,0,1
Action,105.jpg,data/CAT2000/trainSet/Stimuli/Action/105.jpg,1,0.0,,,0,0,1
Action,107.jpg,data/CAT2000/trainSet/Stimuli/Action/107.jpg,1,1.0,1.0,1.0,1,1,1
Action,109.jpg,data/CAT2000/trainSet/Stimuli/Action/109.jpg,1,1.0,0.0,0.0,0,0,1
Action,111.jpg,data/CAT2000/trainSet/Stimuli/Action/111.jpg,1,1.0,0.0,0.0,0,0,1
Action,113.jpg,data/CAT2000/trainSet/Stimuli/Action/113.jpg,1,1.0,1.0,1.0,1,1,1
Action,115.jpg,data/CAT2000/trainSet/Stimuli/Action/115.jpg,1,1.0,0.0,1.0,0,0,1
Action,117.jpg,data/CAT2000/trainSet/Stimuli/Action/117.jpg,1,1.0,1.0,1.0,1,1,1
Action,119.jpg,data/CAT2000/trainSet/Stimuli/Action/119.jpg,1,1.0,0.0,0.0,0,0,1
Action,123.jpg,data/CAT2000/trainSet/Stimuli/Action/123.jpg,1,1.0,0.0,0.0,0,0,1
Action,151.jpg,data/CAT2000/trainSet/Stimuli/Action/151.jpg,1,1.0,0.0,1.0,0,0,1
Action,125.jpg,data/CAT2000/trainSet/Stimuli/Action/125.jpg,1,1.0,0.0,0.0,0,0,1
Action,129.jpg,data/CAT2000/trainSet/Stimuli/Action/129.jpg,1,1.0,1.0,0.0,0,0,1
Action,131.jpg,data/CAT2000/trainSet/Stimuli/Action/131.jpg,1,1.0,0.0,1.0,0,0,1
Action,133.jpg,data/CAT2000/trainSet/Stimuli/Action/133.jpg,1,0.0,,,0,0,1
Action,135.jpg,data/CAT2000/trainSet/Stimuli/Action/135.jpg,1,0.0,,,0,0,1
Action,137.jpg,data/CAT2000/trainSet/Stimuli/Action/137.jpg,1,1.0,0.0,0.0,0,0,1
Action,139.jpg,data/CAT2000/trainSet/Stimuli/Action/139.jpg,1,1.0,1.0,0.0,0,0,1
Action,141.jpg,data/CAT2000/trainSet/Stimuli/Action/141.jpg,1,1.0,1.0,0.0,0,0,1
Action,143.jpg,data/CAT2000/trainSet/Stimuli/Action/143.jpg,1,1.0,0.0,0.0,0,0,1
Action,145.jpg,data/CAT2000/trainSet/Stimuli/Action/145.jpg,1,1.0,0.0,0.0,0,0,1
Action,101.jpg,data/CAT2000/trainSet/Stimuli/Action/101.jpg,1,1.0,0.0,0.0,0,0,1
Action,127.jpg,data/CAT2000/trainSet/Stimuli/Action/127.jpg,1,1.0,1.0,0.0,0,0,1
Action,153.jpg,data/CAT2000/trainSet/Stimuli/Action/153.jpg,1,1.0,1.0,1.0,1,1,1
Action,121.jpg,data/CAT2000/trainSet/Stimuli/Action/121.jpg,1,1.0,0.0,0.0,0,0,1
Action,157.jpg,data/CAT2000/trainSet/Stimuli/Action/157.jpg,1,1.0,0.0,0.0,0,0,1
Action,155.jpg,data/CAT2000/trainSet/Stimuli/Action/155.jpg,1,0.0,,,0,0,1
Action,159.jpg,data/CAT2000/trainSet/Stimuli/Action/159.jpg,1,1.0,1.0,1.0,1,1,1
Action,161.jpg,data/CAT2000/trainSet/Stimuli/Action/161.jpg,1,1.0,0.0,1.0,0,0,1
Action,163.jpg,data/CAT2000/trainSet/Stimuli/Action/163.jpg,1,1.0,0.0,0.0,0,0,1
Action,165.jpg,data/CAT2000/trainSet/Stimuli/Action/165.jpg,1,1.0,0.0,0.0,0,0,1
Action,167.jpg,data/CAT2000/trainSet/Stimuli/Action/167.jpg,1,1.0,0.0,0.0,0,0,1
Action,169.jpg,data/CAT2000/trainSet/Stimuli/Action/169.jpg,1,1.0,0.0,1.0,0,0,1
Action,173.jpg,data/CAT2000/trainSet/Stimuli/Action/173.jpg,1,1.0,1.0,1.0,1,1,1
Action,175.jpg,data/CAT2000/trainSet/Stimuli/Action/175.jpg,1,1.0,1.0,1.0,1,1,1
Action,179.jpg,data/CAT2000/trainSet/Stimuli/Action/179.jpg,1,1.0,1.0,0.0,0,0,1
Action,103.jpg,data/CAT2000/trainSet/Stimuli/Action/103.jpg,1,1.0,1.0,1.0,1,1,1
Action,171.jpg,data/CAT2000/trainSet/Stimuli/Action/171.jpg,1,1.0,1.0,0.0,0,0,1
Action,199.jpg,data/CAT2000/trainSet/Stimuli/Action/199.jpg,1,1.0,0.0,1.0,0,0,1
Action,183.jpg,data/CAT2000/trainSet/Stimuli/Action/183.jpg,1,1.0,1.0,0.0,0,0,1
Action,185.jpg,data/CAT2000/trainSet/Stimuli/Action/185.jpg,1,1.0,0.0,0.0,0,0,1
Action,187.jpg,data/CAT2000/trainSet/Stimuli/Action/187.jpg,1,1.0,1.0,0.0,0,0,1
Action,189.jpg,data/CAT2000/trainSet/Stimuli/Action/189.jpg,1,1.0,0.0,1.0,0,0,1
Action,191.jpg,data/CAT2000/trainSet/Stimuli/Action/191.jpg,1,1.0,1.0,1.0,1,1,1
Action,193.jpg,data/CAT2000/trainSet/Stimuli/Action/193.jpg,1,1.0,1.0,1.0,1,1,1
Action,195.jpg,data/CAT2000/trainSet/Stimuli/Action/195.jpg,1,1.0,0.0,1.0,0,0,1
Action,197.jpg,data/CAT2000/trainSet/Stimuli/Action/197.jpg,1,1.0,1.0,1.0,1,1,1
Action,181.jpg,data/CAT2000/trainSet/Stimuli/Action/181.jpg,1,1.0,1.0,1.0,1,1,1
Affective,017.jpg,data/CAT2000/trainSet/Stimuli/Affective/017.jpg,1,1.0,1.0,1.0,1,1,1
Affective,015.jpg,data/CAT2000/trainSet/Stimuli/Affective/015.jpg,1,1.0,1.0,1.0,1,1,1
Affective,013.jpg,data/CAT2000/trainSet/Stimuli/Affective/013.jpg,1,1.0,1.0,1.0,1,1,1
Affective,011.jpg,data/CAT2000/trainSet/Stimuli/Affective/011.jpg,0,,,,0,0,0
Affective,045.jpg,data/CAT2000/trainSet/Stimuli/Affective/045.jpg,1,1.0,1.0,1.0,1,1,1
Affective,007.jpg,data/CAT2000/trainSet/Stimuli/Affective/007.jpg,1,1.0,1.0,1.0,1,1,1
Affective,005.jpg,data/CAT2000/trainSet/Stimuli/Affective/005.jpg,1,1.0,0.0,0.0,0,0,1
Affective,003.jpg,data/CAT2000/trainSet/Stimuli/Affective/003.jpg,0,,,,0,0,0
Affective,019.jpg,data/CAT2000/trainSet/Stimuli/Affective/019.jpg,1,1.0,0.0,1.0,0,0,1
Affective,009.jpg,data/CAT2000/trainSet/Stimuli/Affective/009.jpg,1,1.0,1.0,1.0,1,1,1
Affective,021.jpg,data/CAT2000/trainSet/Stimuli/Affective/021.jpg,0,,,,0,0,0
Affective,043.jpg,data/CAT2000/trainSet/Stimuli/Affective/043.jpg,1,1.0,1.0,0.0,0,0,1
Affective,025.jpg,data/CAT2000/trainSet/Stimuli/Affective/025.jpg,1,1.0,1.0,1.0,1,1,1
Affective,027.jpg,data/CAT2000/trainSet/Stimuli/Affective/027.jpg,1,1.0,0.0,0.0,0,0,1
Affective,029.jpg,data/CAT2000/trainSet/Stimuli/Affective/029.jpg,1,1.0,1.0,1.0,1,1,1
Affective,031.jpg,data/CAT2000/trainSet/Stimuli/Affective/031.jpg,1,1.0,1.0,1.0,1,1,1
Affective,033.jpg,data/CAT2000/trainSet/Stimuli/Affective/033.jpg,1,1.0,1.0,0.0,0,0,1
Affective,035.jpg,data/CAT2000/trainSet/Stimuli/Affective/035.jpg,0,,,,0,0,0
Affective,037.jpg,data/CAT2000/trainSet/Stimuli/Affective/037.jpg,1,1.0,1.0,1.0,1,1,1
Affective,039.jpg,data/CAT2000/trainSet/Stimuli/Affective/039.jpg,1,1.0,1.0,0.0,0,0,1
Affective,041.jpg,data/CAT2000/trainSet/Stimuli/Affective/041.jpg,1,1.0,1.0,0.0,0,0,1
Affective,047.jpg,data/CAT2000/trainSet/Stimuli/Affective/047.jpg,0,,,,0,0,0
Affective,023.jpg,data/CAT2000/trainSet/Stimuli/Affective/023.jpg,0,,,,0,0,0
Affective,001.jpg,data/CAT2000/trainSet/Stimuli/Affective/001.jpg,1,1.0,0.0,1.0,0,0,1
Affective,073.jpg,data/CAT2000/trainSet/Stimuli/Affective/073.jpg,1,1.0,1.0,0.0,0,0,1
Affective,049.jpg,data/CAT2000/trainSet/Stimuli/Affective/049.jpg,1,1.0,1.0,0.0,0,0,1
Affective,097.jpg,data/CAT2000/trainSet/Stimuli/Affective/097.jpg,1,1.0,1.0,0.0,0,0,1
Affective,055.jpg,data/CAT2000/trainSet/Stimuli/Affective/055.jpg,1,1.0,1.0,0.0,0,0,1
Affective,057.jpg,data/CAT2000/trainSet/Stimuli/Affective/057.jpg,1,1.0,1.0,0.0,0,0,1
Affective,059.jpg,data/CAT2000/trainSet/Stimuli/Affective/059.jpg,1,1.0,1.0,1.0,1,1,1
Affective,061.jpg,data/CAT2000/trainSet/Stimuli/Affective/061.jpg,1,1.0,1.0,1.0,1,1,1
Affective,063.jpg,data/CAT2000/trainSet/Stimuli/Affective/063.jpg,0,,,,0,0,0
Affective,065.jpg,data/CAT2000/trainSet/Stimuli/Affective/065.jpg,1,1.0,1.0,1.0,1,1,1
Affective,053.jpg,data/CAT2000/trainSet/Stimuli/Affective/053.jpg,1,1.0,1.0,0.0,0,0,1
Affective,067.jpg,data/CAT2000/trainSet/Stimuli/Affective/067.jpg,1,1.0,0.0,0.0,0,0,1
Affective,069.jpg,data/CAT2000/trainSet/Stimuli/Affective/069.jpg,1,1.0,1.0,0.0,0,0,1
Affective,051.jpg,data/CAT2000/trainSet/Stimuli/Affective/051.jpg,1,1.0,0.0,0.0,0,0,1
Affective,071.jpg,data/CAT2000/trainSet/Stimuli/Affective/071.jpg,1,1.0,1.0,1.0,1,1,1
Affective,075.jpg,data/CAT2000/trainSet/Stimuli/Affective/075.jpg,0,,,,0,0,0
Affective,077.jpg,data/CAT2000/trainSet/Stimuli/Affective/077.jpg,1,1.0,1.0,1.0,1,1,1
Affective,079.jpg,data/CAT2000/trainSet/Stimuli/Affective/079.jpg,1,1.0,1.0,0.0,0,0,1
Affective,081.jpg,data/CAT2000/trainSet/Stimuli/Affective/081.jpg,1,1.0,1.0,0.0,0,0,1
Affective,085.jpg,data/CAT2000/trainSet/Stimuli/Affective/085.jpg,1,1.0,1.0,0.0,0,0,1
Affective,087.jpg,data/CAT2000/trainSet/Stimuli/Affective/087.jpg,1,1.0,1.0,0.0,0,0,1
Affective,089.jpg,data/CAT2000/trainSet/Stimuli/Affective/089.jpg,1,1.0,0.0,1.0,0,0,1
Affective,091.jpg,data/CAT2000/trainSet/Stimuli/Affective/091.jpg,1,1.0,1.0,0.0,0,0,1
Affective,093.jpg,data/CAT2000/trainSet/Stimuli/Affective/093.jpg,1,1.0,0.0,0.0,0,0,1
Affective,095.jpg,data/CAT2000/trainSet/Stimuli/Affective/095.jpg,0,,,,0,0,0
Affective,083.jpg,data/CAT2000/trainSet/Stimuli/Affective/083.jpg,1,1.0,1.0,1.0,1,1,1
Affective,099.jpg,data/CAT2000/trainSet/Stimuli/Affective/099.jpg,1,1.0,0.0,1.0,0,0,1
Affective,101.jpg,data/CAT2000/trainSet/Stimuli/Affective/101.jpg,1,1.0,1.0,1.0,1,1,1
Affective,177.jpg,data/CAT2000/trainSet/Stimuli/Affective/177.jpg,1,1.0,1.0,0.0,0,0,1
Affective,149.jpg,data/CAT2000/trainSet/Stimuli/Affective/149.jpg,0,,,,0,0,0
Affective,107.jpg,data/CAT2000/trainSet/Stimuli/Affective/107.jpg,1,1.0,1.0,0.0,0,0,1
Affective,109.jpg,data/CAT2000/trainSet/Stimuli/Affective/109.jpg,1,1.0,1.0,1.0,1,1,1
Affective,111.jpg,data/CAT2000/trainSet/Stimuli/Affective/111.jpg,0,,,,0,0,0
Affective,113.jpg,data/CAT2000/trainSet/Stimuli/Affective/113.jpg,1,1.0,1.0,0.0,0,0,1
Affective,115.jpg,data/CAT2000/trainSet/Stimuli/Affective/115.jpg,1,1.0,1.0,1.0,1,1,1
Affective,117.jpg,data/CAT2000/trainSet/Stimuli/Affective/117.jpg,0,,,,0,0,0
Affective,119.jpg,data/CAT2000/trainSet/Stimuli/Affective/119.jpg,0,,,,0,0,0
Affective,121.jpg,data/CAT2000/trainSet/Stimuli/Affective/121.jpg,1,1.0,1.0,1.0,1,1,1
Affective,123.jpg,data/CAT2000/trainSet/Stimuli/Affective/123.jpg,1,1.0,1.0,0.0,0,0,1
Affective,105.jpg,data/CAT2000/trainSet/Stimuli/Affective/105.jpg,1,1.0,1.0,0.0,0,0,1
Affective,127.jpg,data/CAT2000/trainSet/Stimuli/Affective/127.jpg,1,1.0,0.0,0.0,0,0,1
Affective,139.jpg,data/CAT2000/trainSet/Stimuli/Affective/139.jpg,0,,,,0,0,0
Affective,129.jpg,data/CAT2000/trainSet/Stimuli/Affective/129.jpg,0,,,,0,0,0
Affective,145.jpg,data/CAT2000/trainSet/Stimuli/Affective/145.jpg,1,1.0,0.0,1.0,0,0,1
Affective,143.jpg,data/CAT2000/trainSet/Stimuli/Affective/143.jpg,0,,,,0,0,0
Affective,141.jpg,data/CAT2000/trainSet/Stimuli/Affective/141.jpg,1,1.0,0.0,0.0,0,0,1
Affective,147.jpg,data/CAT2000/trainSet/Stimuli/Affective/147.jpg,1,1.0,1.0,1.0,1,1,1
Affective,137.jpg,data/CAT2000/trainSet/Stimuli/Affective/137.jpg,1,1.0,0.0,0.0,0,0,1
Affective,135.jpg,data/CAT2000/trainSet/Stimuli/Affective/135.jpg,1,1.0,0.0,0.0,0,0,1
Affective,133.jpg,data/CAT2000/trainSet/Stimuli/Affective/133.jpg,0,,,,0,0,0
Affective,125.jpg,data/CAT2000/trainSet/Stimuli/Affective/125.jpg,1,0.0,,,0,0,1
Affective,151.jpg,data/CAT2000/trainSet/Stimuli/Affective/151.jpg,0,,,,0,0,0
Affective,131.jpg,data/CAT2000/trainSet/Stimuli/Affective/131.jpg,0,,,,0,0,0
Affective,155.jpg,data/CAT2000/trainSet/Stimuli/Affective/155.jpg,1,1.0,1.0,1.0,1,1,1
Affective,199.jpg,data/CAT2000/trainSet/Stimuli/Affective/199.jpg,1,1.0,0.0,1.0,0,0,1
Affective,157.jpg,data/CAT2000/trainSet/Stimuli/Affective/157.jpg,1,1.0,0.0,0.0,0,0,1
Affective,159.jpg,data/CAT2000/trainSet/Stimuli/Affective/159.jpg,1,1.0,0.0,0.0,0,0,1
Affective,161.jpg,data/CAT2000/trainSet/Stimuli/Affective/161.jpg,0,,,,0,0,0
Affective,163.jpg,data/CAT2000/trainSet/Stimuli/Affective/163.jpg,1,1.0,1.0,0.0,0,0,1
Affective,165.jpg,data/CAT2000/trainSet/Stimuli/Affective/165.jpg,1,1.0,0.0,1.0,0,0,1
Affective,167.jpg,data/CAT2000/trainSet/Stimuli/Affective/167.jpg,1,1.0,0.0,1.0,0,0,1
Affective,171.jpg,data/CAT2000/trainSet/Stimuli/Affective/171.jpg,1,1.0,1.0,1.0,1,1,1
Affective,173.jpg,data/CAT2000/trainSet/Stimuli/Affective/173.jpg,1,1.0,1.0,1.0,1,1,1
Affective,175.jpg,data/CAT2000/trainSet/Stimuli/Affective/175.jpg,1,1.0,1.0,1.0,1,1,1
Affective,179.jpg,data/CAT2000/trainSet/Stimuli/Affective/179.jpg,1,1.0,1.0,0.0,0,0,1
Affective,169.jpg,data/CAT2000/trainSet/Stimuli/Affective/169.jpg,0,,,,0,0,0
Affective,181.jpg,data/CAT2000/trainSet/Stimuli/Affective/181.jpg,1,1.0,1.0,1.0,1,1,1
Affective,183.jpg,data/CAT2000/trainSet/Stimuli/Affective/183.jpg,1,1.0,1.0,1.0,1,1,1
Affective,185.jpg,data/CAT2000/trainSet/Stimuli/Affective/185.jpg,1,1.0,1.0,0.0,0,0,1
Affective,103.jpg,data/CAT2000/trainSet/Stimuli/Affective/103.jpg,1,1.0,1.0,0.0,0,0,1
Affective,187.jpg,data/CAT2000/trainSet/Stimuli/Affective/187.jpg,1,1.0,1.0,0.0,0,0,1
Affective,189.jpg,data/CAT2000/trainSet/Stimuli/Affective/189.jpg,1,1.0,1.0,1.0,1,1,1
Affective,191.jpg,data/CAT2000/trainSet/Stimuli/Affective/191.jpg,1,1.0,1.0,0.0,0,0,1
Affective,193.jpg,data/CAT2000/trainSet/Stimuli/Affective/193.jpg,0,,,,0,0,0
Affective,195.jpg,data/CAT2000/trainSet/Stimuli/Affective/195.jpg,0,,,,0,0,0
Affective,197.jpg,data/CAT2000/trainSet/Stimuli/Affective/197.jpg,1,1.0,1.0,0.0,0,0,1
Affective,153.jpg,data/CAT2000/trainSet/Stimuli/Affective/153.jpg,1,1.0,0.0,0.0,0,0,1
Social,015.jpg,data/CAT2000/trainSet/Stimuli/Social/015.jpg,1,1.0,1.0,0.0,0,0,1
Social,013.jpg,data/CAT2000/trainSet/Stimuli/Social/013.jpg,1,1.0,1.0,1.0,1,1,1
Social,011.jpg,data/CAT2000/trainSet/Stimuli/Social/011.jpg,1,1.0,1.0,0.0,0,0,1
Social,001.jpg,data/CAT2000/trainSet/Stimuli/Social/001.jpg,1,1.0,1.0,0.0,0,0,1
Social,007.jpg,data/CAT2000/trainSet/Stimuli/Social/007.jpg,1,1.0,0.0,0.0,0,0,1
Social,005.jpg,data/CAT2000/trainSet/Stimuli/Social/005.jpg,1,1.0,1.0,1.0,1,1,1
Social,003.jpg,data/CAT2000/trainSet/Stimuli/Social/003.jpg,1,1.0,1.0,1.0,1,1,1
Social,017.jpg,data/CAT2000/trainSet/Stimuli/Social/017.jpg,1,1.0,1.0,1.0,1,1,1
Social,009.jpg,data/CAT2000/trainSet/Stimuli/Social/009.jpg,1,1.0,1.0,0.0,0,0,1
Social,019.jpg,data/CAT2000/trainSet/Stimuli/Social/019.jpg,1,1.0,0.0,0.0,0,0,1
Social,041.jpg,data/CAT2000/trainSet/Stimuli/Social/041.jpg,1,1.0,1.0,1.0,1,1,1
Social,023.jpg,data/CAT2000/trainSet/Stimuli/Social/023.jpg,1,1.0,1.0,1.0,1,1,1
Social,025.jpg,data/CAT2000/trainSet/Stimuli/Social/025.jpg,1,1.0,1.0,1.0,1,1,1
Social,027.jpg,data/CAT2000/trainSet/Stimuli/Social/027.jpg,1,1.0,1.0,1.0,1,1,1
Social,029.jpg,data/CAT2000/trainSet/Stimuli/Social/029.jpg,1,1.0,1.0,1.0,1,1,1
Social,031.jpg,data/CAT2000/trainSet/Stimuli/Social/031.jpg,1,1.0,1.0,1.0,1,1,1
Social,033.jpg,data/CAT2000/trainSet/Stimuli/Social/033.jpg,1,1.0,1.0,1.0,1,1,1
Social,035.jpg,data/CAT2000/trainSet/Stimuli/Social/035.jpg,1,1.0,1.0,0.0,0,0,1
Social,037.jpg,data/CAT2000/trainSet/Stimuli/Social/037.jpg,1,1.0,1.0,1.0,1,1,1
Social,039.jpg,data/CAT2000/trainSet/Stimuli/Social/039.jpg,1,1.0,0.0,0.0,0,0,1
Social,043.jpg,data/CAT2000/trainSet/Stimuli/Social/043.jpg,1,1.0,0.0,0.0,0,0,1
Social,021.jpg,data/CAT2000/trainSet/Stimuli/Social/021.jpg,1,1.0,0.0,0.0,0,0,1
Social,045.jpg,data/CAT2000/trainSet/Stimuli/Social/045.jpg,1,1.0,0.0,0.0,0,0,1
Social,075.jpg,data/CAT2000/trainSet/Stimuli/Social/075.jpg,1,1.0,1.0,0.0,0,0,1
Social,049.jpg,data/CAT2000/trainSet/Stimuli/Social/049.jpg,1,1.0,0.0,0.0,0,0,1
Social,095.jpg,data/CAT2000/trainSet/Stimuli/Social/095.jpg,1,1.0,1.0,1.0,1,1,1
Social,197.jpg,data/CAT2000/trainSet/Stimuli/Social/197.jpg,1,1.0,1.0,1.0,1,1,1
Social,053.jpg,data/CAT2000/trainSet/Stimuli/Social/053.jpg,1,1.0,0.0,0.0,0,0,1
Social,055.jpg,data/CAT2000/trainSet/Stimuli/Social/055.jpg,1,1.0,0.0,0.0,0,0,1
Social,057.jpg,data/CAT2000/trainSet/Stimuli/Social/057.jpg,1,1.0,0.0,0.0,0,0,1
Social,059.jpg,data/CAT2000/trainSet/Stimuli/Social/059.jpg,1,1.0,1.0,0.0,0,0,1
Social,061.jpg,data/CAT2000/trainSet/Stimuli/Social/061.jpg,1,1.0,1.0,1.0,1,1,1
Social,063.jpg,data/CAT2000/trainSet/Stimuli/Social/063.jpg,1,1.0,0.0,0.0,0,0,1
Social,065.jpg,data/CAT2000/trainSet/Stimuli/Social/065.jpg,1,1.0,0.0,0.0,0,0,1
Social,067.jpg,data/CAT2000/trainSet/Stimuli/Social/067.jpg,1,1.0,1.0,1.0,1,1,1
Social,047.jpg,data/CAT2000/trainSet/Stimuli/Social/047.jpg,1,1.0,1.0,0.0,0,0,1
Social,069.jpg,data/CAT2000/trainSet/Stimuli/Social/069.jpg,1,1.0,1.0,1.0,1,1,1
Social,097.jpg,data/CAT2000/trainSet/Stimuli/Social/097.jpg,1,1.0,1.0,1.0,1,1,1
Social,077.jpg,data/CAT2000/trainSet/Stimuli/Social/077.jpg,1,1.0,1.0,1.0,1,1,1
Social,079.jpg,data/CAT2000/trainSet/Stimuli/Social/079.jpg,1,1.0,1.0,1.0,1,1,1
Social,081.jpg,data/CAT2000/trainSet/Stimuli/Social/081.jpg,1,1.0,1.0,0.0,0,0,1
Social,083.jpg,data/CAT2000/trainSet/Stimuli/Social/083.jpg,1,1.0,0.0,0.0,0,0,1
Social,085.jpg,data/CAT2000/trainSet/Stimuli/Social/085.jpg,1,1.0,1.0,1.0,1,1,1
Social,087.jpg,data/CAT2000/trainSet/Stimuli/Social/087.jpg,1,1.0,1.0,1.0,1,1,1
Social,089.jpg,data/CAT2000/trainSet/Stimuli/Social/089.jpg,1,1.0,1.0,0.0,0,0,1
Social,091.jpg,data/CAT2000/trainSet/Stimuli/Social/091.jpg,1,1.0,1.0,1.0,1,1,1
Social,093.jpg,data/CAT2000/trainSet/Stimuli/Social/093.jpg,1,1.0,0.0,1.0,0,0,1
Social,073.jpg,data/CAT2000/trainSet/Stimuli/Social/073.jpg,1,1.0,1.0,0.0,0,0,1
Social,051.jpg,data/CAT2000/trainSet/Stimuli/Social/051.jpg,1,1.0,0.0,0.0,0,0,1
Social,101.jpg,data/CAT2000/trainSet/Stimuli/Social/101.jpg,1,1.0,1.0,1.0,1,1,1
Social,175.jpg,data/CAT2000/trainSet/Stimuli/Social/175.jpg,1,1.0,0.0,0.0,0,0,1
Social,145.jpg,data/CAT2000/trainSet/Stimuli/Social/145.jpg,1,1.0,0.0,0.0,0,0,1
Social,105.jpg,data/CAT2000/trainSet/Stimuli/Social/105.jpg,1,1.0,0.0,0.0,0,0,1
Social,107.jpg,data/CAT2000/trainSet/Stimuli/Social/107.jpg,1,1.0,0.0,0.0,0,0,1
Social,109.jpg,data/CAT2000/trainSet/Stimuli/Social/109.jpg,1,1.0,1.0,0.0,0,0,1
Social,111.jpg,data/CAT2000/trainSet/Stimuli/Social/111.jpg,1,1.0,0.0,1.0,0,0,1
Social,113.jpg,data/CAT2000/trainSet/Stimuli/Social/113.jpg,1,1.0,0.0,0.0,0,0,1
Social,115.jpg,data/CAT2000/trainSet/Stimuli/Social/115.jpg,1,1.0,1.0,1.0,1,1,1
Social,117.jpg,data/CAT2000/trainSet/Stimuli/Social/117.jpg,1,1.0,0.0,0.0,0,0,1
Social,119.jpg,data/CAT2000/trainSet/Stimuli/Social/119.jpg,1,1.0,0.0,0.0,0,0,1
Social,121.jpg,data/CAT2000/trainSet/Stimuli/Social/121.jpg,1,1.0,1.0,1.0,1,1,1
Social,103.jpg,data/CAT2000/trainSet/Stimuli/Social/103.jpg,1,1.0,0.0,0.0,0,0,1
Social,125.jpg,data/CAT2000/trainSet/Stimuli/Social/125.jpg,1,1.0,1.0,1.0,1,1,1
Social,135.jpg,data/CAT2000/trainSet/Stimuli/Social/135.jpg,1,1.0,1.0,1.0,1,1,1
Social,127.jpg,data/CAT2000/trainSet/Stimuli/Social/127.jpg,1,1.0,1.0,1.0,1,1,1
Social,141.jpg,data/CAT2000/trainSet/Stimuli/Social/141.jpg,1,1.0,0.0,0.0,0,0,1
Social,139.jpg,data/CAT2000/trainSet/Stimuli/Social/139.jpg,1,1.0,1.0,0.0,0,0,1
Social,137.jpg,data/CAT2000/trainSet/Stimuli/Social/137.jpg,1,1.0,1.0,0.0,0,0,1
Social,143.jpg,data/CAT2000/trainSet/Stimuli/Social/143.jpg,1,1.0,0.0,1.0,0,0,1
Social,133.jpg,data/CAT2000/trainSet/Stimuli/Social/133.jpg,1,1.0,1.0,1.0,1,1,1
Social,131.jpg,data/CAT2000/trainSet/Stimuli/Social/131.jpg,1,0.0,,,0,0,1
Social,129.jpg,data/CAT2000/trainSet/Stimuli/Social/129.jpg,1,1.0,1.0,0.0,0,0,1
Social,123.jpg,data/CAT2000/trainSet/Stimuli/Social/123.jpg,1,1.0,1.0,0.0,0,0,1
Social,147.jpg,data/CAT2000/trainSet/Stimuli/Social/147.jpg,1,1.0,0.0,0.0,0,0,1
Social,171.jpg,data/CAT2000/trainSet/Stimuli/Social/171.jpg,1,1.0,0.0,0.0,0,0,1
Social,151.jpg,data/CAT2000/trainSet/Stimuli/Social/151.jpg,1,1.0,0.0,1.0,0,0,1
Social,153.jpg,data/CAT2000/trainSet/Stimuli/Social/153.jpg,1,1.0,0.0,1.0,0,0,1
Social,155.jpg,data/CAT2000/trainSet/Stimuli/Social/155.jpg,1,1.0,1.0,0.0,0,0,1
Social,157.jpg,data/CAT2000/trainSet/Stimuli/Social/157.jpg,1,1.0,1.0,1.0,1,1,1
Social,159.jpg,data/CAT2000/trainSet/Stimuli/Social/159.jpg,1,1.0,1.0,0.0,0,0,1
Social,161.jpg,data/CAT2000/trainSet/Stimuli/Social/161.jpg,1,1.0,1.0,1.0,1,1,1
Social,163.jpg,data/CAT2000/trainSet/Stimuli/Social/163.jpg,1,1.0,1.0,1.0,1,1,1
Social,165.jpg,data/CAT2000/trainSet/Stimuli/Social/165.jpg,1,1.0,1.0,1.0,1,1,1
Social,167.jpg,data/CAT2000/trainSet/Stimuli/Social/167.jpg,1,1.0,1.0,0.0,0,0,1
Social,169.jpg,data/CAT2000/trainSet/Stimuli/Social/169.jpg,1,1.0,1.0,0.0,0,0,1
Social,173.jpg,data/CAT2000/trainSet/Stimuli/Social/173.jpg,1,1.0,1.0,1.0,1,1,1
Social,099.jpg,data/CAT2000/trainSet/Stimuli/Social/099.jpg,1,1.0,1.0,0.0,0,0,1
Social,177.jpg,data/CAT2000/trainSet/Stimuli/Social/177.jpg,1,1.0,0.0,0.0,0,0,1
Social,179.jpg,data/CAT2000/trainSet/Stimuli/Social/179.jpg,1,1.0,0.0,0.0,0,0,1
Social,181.jpg,data/CAT2000/trainSet/Stimuli/Social/181.jpg,1,1.0,1.0,1.0,1,1,1
Social,183.jpg,data/CAT2000/trainSet/Stimuli/Social/183.jpg,1,1.0,1.0,0.0,0,0,1
Social,185.jpg,data/CAT2000/trainSet/Stimuli/Social/185.jpg,1,1.0,1.0,1.0,1,1,1
Social,187.jpg,data/CAT2000/trainSet/Stimuli/Social/187.jpg,1,1.0,1.0,1.0,1,1,1
Social,189.jpg,data/CAT2000/trainSet/Stimuli/Social/189.jpg,1,1.0,0.0,0.0,0,0,1
Social,191.jpg,data/CAT2000/trainSet/Stimuli/Social/191.jpg,1,1.0,1.0,1.0,1,1,1
Social,193.jpg,data/CAT2000/trainSet/Stimuli/Social/193.jpg,1,1.0,1.0,1.0,1,1,1
Social,195.jpg,data/CAT2000/trainSet/Stimuli/Social/195.jpg,1,1.0,1.0,1.0,1,1,1
Social,071.jpg,data/CAT2000/trainSet/Stimuli/Social/071.jpg,1,1.0,1.0,1.0,1,1,1
Social,149.jpg,data/CAT2000/trainSet/Stimuli/Social/149.jpg,1,1.0,1.0,1.0,1,1,1
Social,199.jpg,data/CAT2000/trainSet/Stimuli/Social/199.jpg,1,1.0,0.0,1.0,0,0,1
